Workbook

Sheet Коефіцієнт Обертання
A1: Номенклатурна Група | B1: Нач. остаток | C1: Приход | D1: Расход | E1: Кон. остаток | F1: Середній Залишок | G1: Коефіцієнт обертання | H1: Вартість на 08-05-2026
A2: Без Групи | B2: 7126 | C2: 25151 | D2: 24979 | E2: 7298 | F2: 7212 | G2: 3.463533 | H2: =VLOOKUP(A2,'Вартість на 08-05-2026'!$A$1:$C$70,3,FALSE) -> 1921801.6
A3: Поліпропілен | B3: 15664 | C3: 59266.75 | D3: 58988 | E3: 15942.75 | F3: 15803.375 | G3: 3.7326204 | H3: =VLOOKUP(A3,'Вартість на 08-05-2026'!$A$1:$C$70,3,FALSE) -> 922407.29
A4: Котли та комплектуючі | B4: 104 | C4: 690 | D4: 690 | E4: 104 | F4: 104 | G4: 6.6346154 | H4: =VLOOKUP(A4,'Вартість на 08-05-2026'!$A$1:$C$70,3,FALSE) -> 800927.38
A5: Сантехніка | B5: 162 | C5: 623 | D5: 610 | E5: 175 | F5: 168.5 | G5: 3.620178 | H5: =VLOOKUP(A5,'Вартість на 08-05-2026'!$A$1:$C$70,3,FALSE) -> 579548.87
A6: Провід, кабель,шнур | B6: 15755 | C6: 77593 | D6: 77290 | E6: 16058 | F6: 15906.5 | G6: 4.8590199 | H6: =VLOOKUP(A6,'Вартість на 08-05-2026'!$A$1:$C$70,3,FALSE) -> 505603.11
A7: Насосне обладнання,гідроакомулятори | B7: 357 | C7: 2661 | D7: 2572 | E7: 446 | F7: 401.5 | G7: 6.4059776 | H7: =VLOOKUP(A7,'Вартість на 08-05-2026'!$A$1:$C$70,3,FALSE) -> 411631.52
A8: Запорна арматура | B8: 1516 | C8: 9135 | D8: 9065 | E8: 1586 | F8: 1551 | G8: 5.8446164 | H8: =VLOOKUP(A8,'Вартість на 08-05-2026'!$A$1:$C$70,3,FALSE) -> 407728.18
A9: Радіатори, тени | B9: 758 | C9: 6056 | D9: 5967 | E9: 847 | F9: 802.5 | G9: 7.435514 | H9: =VLOOKUP(A9,'Вартість на 08-05-2026'!$A$1:$C$70,3,FALSE) -> 395800.4
A10: Тепла підлога (водяна) | B10: 22702 | C10: 184289 | D10: 183475 | E10: 23516 | F10: 23109 | G10: 7.9395474 | H10: =VLOOKUP(A10,'Вартість на 08-05-2026'!$A$1:$C$70,3,FALSE) -> 341323.32
A11: Змішувачі і комплектуючі | B11: 521 | C11: 1566 | D11: 1577 | E11: 510 | F11: 515.5 | G11: 3.0591659 | H11: =VLOOKUP(A11,'Вартість на 08-05-2026'!$A$1:$C$70,3,FALSE) -> 251518.18
A12: Стабілізатори, ДБЖ | B12: 15 | C12: 81 | D12: 72 | E12: 24 | F12: 19.5 | G12: 3.6923077 | H12: =VLOOKUP(A12,'Вартість на 08-05-2026'!$A$1:$C$70,3,FALSE) -> 246479.63
A13: Каналізація | B13: 3408 | C13: 15884 | D13: 15429 | E13: 3863 | F13: 3635.5 | G13: 4.2439829 | H13: =VLOOKUP(A13,'Вартість на 08-05-2026'!$A$1:$C$70,3,FALSE) -> 242182.7
... A49: Фітинг бистрозажимний GEBO | B49: 30 | C49: 75 | D49: 66 | E49: 39 | F49: 34.5 | G49: 1.9130435 | H49: =VLOOKUP(A49,'Вартість на 08-05-2026'!$A$1:$C$70,3,FALSE) -> 21005.6
A50: Склад обладнання | B50: 86 | D50: 2 | E50: 84 | F50: 85 | G50: 0.023529412 | H50: =VLOOKUP(A50,'Вартість на 08-05-2026'!$A$1:$C$70,3,FALSE) -> 19905.31
A51: Короб пластиковий | B51: 189 | C51: 724 | D51: 731 | E51: 182 | F51: 185.5 | G51: 3.9407008 | H51: =VLOOKUP(A51,'Вартість на 08-05-2026'!$A$1:$C$70,3,FALSE) -> 18829.34
A52: Лічильники Електроенергії | B52: 17 | C52: 33 | D52: 33 | E52: 17 | F52: 17 | G52: 1.9411765 | H52: =VLOOKUP(A52,'Вартість на 08-05-2026'!$A$1:$C$70,3,FALSE) -> 18180.28
A53: Лічильники води | B53: 86 | C53: 255 | D53: 278 | E53: 63 | F53: 74.5 | G53: 3.7315436 | H53: =VLOOKUP(A53,'Вартість на 08-05-2026'!$A$1:$C$70,3,FALSE) -> 16599.98
A54: Металопластік | B54: 209 | C54: 1759.5 | D54: 1722.5 | E54: 246 | F54: 227.5 | G54: 7.5714286 | H54: =VLOOKUP(A54,'Вартість на 08-05-2026'!$A$1:$C$70,3,FALSE) -> 16395.64
A55: Світлодіодна лента, модулі, гирлянди | B55: 211.4 | C55: 71 | D55: 63 | E55: 219.4 | F55: 215.4 | G55: 0.29247911 | H55: =VLOOKUP(A55,'Вартість на 08-05-2026'!$A$1:$C$70,3,FALSE) -> 14360.13
A56: Кондиціонери та теплові насоси | B56: 1 | C56: 22 | D56: 18 | E56: 5 | F56: 3 | G56: 6 | H56: =VLOOKUP(A56,'Вартість на 08-05-2026'!$A$1:$C$70,3,FALSE) -> 13741.96
A57: Різне (Ел) | B57: 18 | C57: 6 | D57: 4 | E57: 20 | F57: 19 | G57: 0.21052632 | H57: =VLOOKUP(A57,'Вартість на 08-05-2026'!$A$1:$C$70,3,FALSE) -> 11490.86
A58: 2016 НаВидалення | B58: 165 | D58: 3 | E58: 162 | F58: 163.5 | G58: 0.018348624 | H58: =VLOOKUP(A58,'Вартість на 08-05-2026'!$A$1:$C$70,3,FALSE) -> 8646.05
A59: Вентилятори побутові | B59: 1 | C59: 11 | D59: 11 | E59: 1 | F59: 1 | G59: 11 | H59: =VLOOKUP(A59,'Вартість на 08-05-2026'!$A$1:$C$70,3,FALSE) -> 6668.91
A60: Подовжувачі електричні | B60: 24 | C60: 61 | D60: 72 | E60: 13 | F60: 18.5 | G60: 3.8918919 | H60: =VLOOKUP(A60,'Вартість на 08-05-2026'!$A$1:$C$70,3,FALSE) -> 6485.14
A61: Аксесуари для ванної | B61: 24 | C61: 151 | D61: 146 | E61: 29 | F61: 26.5 | G61: 5.509434 | H61: =VLOOKUP(A61,'Вартість на 08-05-2026'!$A$1:$C$70,3,FALSE) -> 6263.86
A62: Інструмент | B62: 3 | E62: 3 | F62: 3 | G62: 0 | H62: =VLOOKUP(A62,'Вартість на 08-05-2026'!$A$1:$C$70,3,FALSE) -> 5638.62
A63: Індикатори, мультіметри | B63: 32 | C63: 43 | D63: 39 | E63: 36 | F63: 34 | G63: 1.1470588 | H63: =VLOOKUP(A63,'Вартість на 08-05-2026'!$A$1:$C$70,3,FALSE) -> 3382.12
A64: Люки невидимки | B64: 4 | C64: 8 | D64: 9 | E64: 3 | F64: 3.5 | G64: 2.5714286 | H64: =VLOOKUP(A64,'Вартість на 08-05-2026'!$A$1:$C$70,3,FALSE) -> 2758
A65: Дзвінки, TV штекера, вимикачі бра | B65: 217 | C65: 590 | D65: 396 | E65: 411 | F65: 314 | G65: 1.2611465 | H65: =VLOOKUP(A65,'Вартість на 08-05-2026'!$A$1:$C$70,3,FALSE) -> 1691.71
A66: 2016 Магазин Опалення | B66: 4 | E66: 4 | F66: 4 | G66: 0 | H66: =VLOOKUP(A66,'Вартість на 08-05-2026'!$A$1:$C$70,3,FALSE) -> 780
A67: Стартера, тройніки | B67: 31 | D67: 9 | E67: 22 | F67: 26.5 | G67: 0.33962264 | H67: =VLOOKUP(A67,'Вартість на 08-05-2026'!$A$1:$C$70,3,FALSE) -> 328.63
A68: Нагрівачі | B68: 1 | E68: 1 | F68: 1 | G68: 0 | H68: =VLOOKUP(A68,'Вартість на 08-05-2026'!$A$1:$C$70,3,FALSE) -> 212.77
A69: 2016 Магазин Електрики | B69: 29 | C69: 4 | D69: 27 | E69: 6 | F69: 17.5 | G69: 1.5428571 | H69: =VLOOKUP(A69,'Вартість на 08-05-2026'!$A$1:$C$70,3,FALSE) -> 163.59
A70: Колонки газові | B70: 1 | C70: 3 | D70: 3 | E70: 1 | F70: 1 | G70: 3 | H70: 0

Sheet Вартість на 08-05-2026
A1: Номенклатурна Група | B1: Кількість | C1: Вартість
A3: Без Групи | B3: 9250.5 | C3: 1921801.6
A4: 2016 Магазин Електрики | B4: 5 | C4: 163.59
A5: 2016 Магазин Опалення | B5: 4 | C5: 780
A6: 2016 НаВидалення | B6: 162 | C6: 8646.05
A7: Автомати | B7: 176 | C7: 50526.26
A8: Аксесуари для ванної | B8: 30 | C8: 6263.86
A9: Арматури, сифони, трап, гофри на унітаз | B9: 250 | C9: 85941.97
A10: Баки пластикові | B10: 129 | C10: 53189.9
A11: Батарейки | B11: 212 | C11: 94418.89
A12: Блок живлення | B12: 46 | C12: 142885.1
A13: Вентилятори побутові | B13: 7 | C13: 6668.91
A14: Вентиляція | B14: 1454 | C14: 163192.44
... A70: Щитки | B70: 130 | C70: 69756.87
